"date_id","origin_id","type_id","tag_id","count"
0,0,0,0,1
1064,715,16,924,1
1065,716,0,364,1
1066,378,0,580,1
1067,276,19,196,1
1067,276,11,196,1
1067,276,9,196,1
1068,714,9,925,1
1068,714,2,925,1
1068,714,12,925,1
1063,714,16,272,1
1069,648,0,926,1
1070,718,0,4,1
1070,10,0,209,1
1071,120,0,928,1
1071,276,11,734,1
1071,276,9,734,1
1072,719,23,272,1
1072,719,4,272,1
1073,720,0,209,1
1074,138,0,23,1
1069,717,0,927,1
1063,714,9,272,1
1063,93,8,923,1
1063,138,0,399,1
1050,496,0,133,1
1050,210,0,918,1
1050,2,0,16,1
1051,138,0,23,1
1052,0,0,919,1
1052,10,0,920,1
1053,210,0,921,1
1053,2,0,16,1
1054,10,0,603,1
1055,276,0,363,1
1056,711,0,922,1
1056,2,0,4,1
1057,93,0,35,1
1058,712,0,8,1
1058,713,8,792,1
1059,10,0,236,1
1060,71,0,23,1
1061,678,0,534,1
1062,276,24,12,1
1062,276,13,12,1
1062,276,8,12,1
1075,276,0,929,1
1076,0,0,33,1
1077,2,0,4,1
1078,328,0,8,1
1091,276,0,935,1
1091,10,0,490,1
1092,120,0,16,1
1093,10,0,209,1
1094,728,25,399,1
1094,729,0,936,1
1094,2,12,937,1
1095,10,0,603,1
1096,9,10,242,1
1097,453,0,8,1
1098,210,0,49,1
1099,268,0,844,1
1099,210,0,123,1
1100,276,20,938,1
1100,276,16,938,1
1101,730,0,43,1
1102,2,0,16,1
1103,731,0,8,1
1103,10,22,118,1
1104,0,0,35,1
1105,732,0,939,1
1091,727,8,218,1
1049,710,22,48,1
1090,210,0,8,1
1088,18,14,934,1
1079,0,0,8,1
1079,295,0,930,1
1079,10,16,123,1
1080,276,0,363,1
1081,721,0,931,1
1082,655,0,7,1
1082,68,8,218,1
1083,722,15,612,1
1084,544,0,209,1
1084,723,11,272,1
1084,723,9,272,1
1084,724,0,932,1
1085,210,0,933,1
1085,210,0,534,1
1086,725,0,933,1
1086,726,13,171,1
1086,210,24,726,1
1086,210,7,726,1
1086,276,0,8,1
1087,2,32,933,1
1087,2,9,933,1
1089,726,13,171,1
1049,710,6,48,1
1048,276,0,7,1
1047,10,0,12,1
1002,10,8,43,1
1002,2,0,133,1
1003,210,0,8,1
1004,690,9,551,1
1004,690,3,551,1
1004,2,0,16,1
1005,691,24,84,1
1006,31,0,16,1
1007,10,0,844,1
1008,692,6,908,1
1009,0,0,35,1
1009,10,15,626,1
1010,693,14,488,1
1011,295,0,39,1
1012,2,9,909,1
1013,694,0,910,1
1014,695,0,48,1
1014,496,0,454,1
1014,696,0,911,1
1014,276,0,912,1
1015,276,0,603,1
1002,10,16,43,1
1016,0,6,35,1
1002,276,0,19,1
1001,295,11,860,1
991,683,4,545,1
992,0,13,903,1
992,0,16,903,1
993,527,0,904,1
993,684,0,905,1
993,685,0,16,1
994,276,0,260,1
995,295,0,8,1
996,295,11,133,1
996,295,9,133,1
997,276,0,4,1
997,686,0,35,1
998,687,9,16,1
998,687,18,16,1
998,210,0,906,1
999,295,9,149,1
999,295,2,149,1
1000,688,6,490,1
1001,689,7,907,1
1001,689,20,907,1
1001,689,18,907,1
1001,295,9,860,1
1106,31,0,23,1
1017,10,0,913,1
1018,18,15,914,1
1035,398,0,93,1
1035,295,0,363,1
1036,704,0,454,1
1036,2,0,844,1
1037,10,0,33,1
1038,295,19,23,1
1038,295,9,23,1
1038,295,2,23,1
1038,342,0,23,1
1039,2,13,144,1
1040,4,8,171,1
1040,705,0,84,1
1041,430,0,223,1
1042,706,13,70,1
1042,453,0,8,1
1043,398,13,917,1
1044,440,0,779,1
1045,707,6,7,1
1046,708,0,131,1
1047,709,0,209,1
1047,276,0,7,1
1034,10,0,35,1
1018,697,8,43,1
1033,93,0,209,1
1032,703,22,162,1
1019,210,0,8,1
1019,93,0,615,1
1020,2,0,804,1
1020,31,11,229,1
1020,31,12,229,1
1021,210,0,123,1
1022,210,0,8,1
1023,698,11,33,1
1023,698,12,33,1
1024,699,0,915,1
1025,0,0,48,1
1025,0,15,43,1
1026,276,0,916,1
1027,700,0,325,1
1028,453,0,8,1
1029,701,0,242,1
1030,10,0,224,1
1031,702,0,7,1
1031,295,0,242,1
1032,4,0,597,1
1032,703,24,162,1
1033,210,0,8,1
991,683,23,545,1
1107,10,20,940,1
1108,723,0,230,1
1188,714,0,976,1
1189,276,0,363,1
1190,769,0,977,1
1191,770,0,43,1
1192,295,0,364,1
1192,2,31,171,1
1192,2,0,59,1
1192,31,0,23,1
1193,210,0,251,1
1187,768,16,975,1
1194,276,0,978,1
1195,481,6,895,1
1195,481,8,895,1
1196,714,0,272,1
1197,276,0,123,1
1198,453,13,979,1
1199,31,11,16,1
1199,31,12,16,1
1200,276,0,229,1
1201,120,0,980,1
1194,2,3,272,1
1186,276,0,442,1
1185,295,13,144,1
1185,675,0,230,1
1172,295,0,968,1
1173,714,11,5,1
1173,714,9,5,1
1173,714,12,5,1
1173,714,8,5,1
1173,2,0,272,1
1174,295,0,33,1
1175,762,0,39,1
1176,714,4,272,1
1177,56,0,969,1
1178,18,0,970,1
1179,763,0,70,1
1180,0,0,580,1
1180,11,0,209,1
1181,764,28,971,1
1181,276,0,19,1
1182,765,0,972,1
1182,295,0,153,1
1182,10,0,973,1
1183,766,0,974,1
1184,767,0,926,1
1202,723,0,981,1
1203,10,0,17,1
1204,120,14,364,1
1204,771,0,608,1
1221,17,0,988,1
1222,2,0,176,1
1223,10,0,959,1
1224,723,9,909,1
1224,723,18,909,1
1225,780,0,209,1
1226,781,0,346,1
1227,378,0,70,1
1228,0,0,35,1
1229,782,0,43,1
1230,10,0,946,1
1231,68,0,590,1
1232,0,0,35,1
1233,0,0,35,1
1233,295,0,229,1
1234,783,6,364,1
1234,10,14,131,1
1235,120,0,35,1
1235,2,0,989,1
1236,210,0,431,1
1237,27,0,990,1
1221,10,0,987,1
1171,0,8,35,1
1221,143,0,334,1
1219,779,0,229,1
1205,772,23,23,1
1206,0,28,745,1
1207,276,0,982,1
1207,276,0,363,1
1208,773,0,439,1
1209,774,0,983,1
1210,775,0,984,1
1210,69,16,87,1
1210,295,0,364,1
1211,776,0,985,1
1212,411,6,272,1
1213,2,12,804,1
1214,71,0,23,1
1214,11,8,209,1
1215,777,0,153,1
1216,723,3,242,1
1217,210,0,986,1
1218,778,0,70,1
1218,714,0,272,1
1218,2,9,16,1
1218,2,18,16,1
1220,276,0,8,1
1171,0,2,35,1
1170,276,6,967,1
1169,138,0,23,1
1123,210,0,8,1
1124,738,0,943,1
1124,295,0,765,1
1124,714,11,944,1
1124,714,9,944,1
1125,739,0,603,1
1126,210,17,171,1
1127,740,0,945,1
1127,741,0,946,1
1127,10,0,947,1
1128,742,0,16,1
1129,743,0,167,1
1130,276,8,948,1
1131,210,0,634,1
1131,744,6,949,1
1132,2,9,48,1
1132,2,18,48,1
1133,10,0,950,1
1134,745,6,951,1
1134,745,8,951,1
1135,746,14,35,1
1122,150,0,488,1
1135,746,9,35,1
1121,295,0,878,1
1120,276,8,35,1
1109,675,0,534,1
1110,210,0,8,1
1111,734,0,521,1
1112,120,6,8,1
1112,120,9,8,1
1112,120,18,8,1
1112,210,7,8,1
1113,0,0,35,1
1114,31,0,23,1
1114,342,0,23,1
1115,0,0,35,1
1115,735,0,597,1
1116,276,0,363,1
1116,295,11,941,1
1116,295,9,941,1
1117,276,0,180,1
1118,0,0,1,1
1119,736,0,942,1
1120,737,0,708,1
1120,276,14,35,1
1120,276,9,35,1
1120,276,0,363,1
1108,733,14,867,1
1135,10,0,364,1
1136,295,0,23,1
1155,754,13,951,1
1156,2,0,14,1
1157,210,0,10,1
1158,755,6,745,1
1158,755,13,745,1
1158,755,2,745,1
1158,328,0,8,1
1158,2,5,16,1
1158,2,8,16,1
1159,0,0,13,1
1160,756,0,44,1
1161,295,0,548,1
1162,465,0,964,1
1162,723,9,933,1
1163,757,0,965,1
1164,758,0,765,1
1164,11,0,229,1
1165,759,0,966,1
1166,760,13,227,1
1167,761,9,84,1
1168,210,0,792,1
1154,753,3,923,1
1136,747,0,952,1
1153,2,6,963,1
1152,365,0,217,1
1137,10,0,819,1
1138,210,7,851,1
1139,210,0,953,1
1140,210,0,534,1
1140,11,32,209,1
1140,11,8,209,1
1140,639,6,954,1
1140,639,8,954,1
1141,748,0,805,1
1142,0,17,35,1
1143,620,0,955,1
1144,749,0,872,1
1144,210,0,956,1
1145,648,6,431,1
1146,10,0,957,1
1147,750,0,958,1
1148,0,0,959,1
1149,751,33,4,1
1149,751,3,4,1
1150,752,0,960,1
1151,295,0,961,1
1153,0,0,962,1
990,682,10,272,1
989,210,0,7,1
988,364,0,488,1
834,614,0,8,1
835,10,0,324,1
836,615,0,843,1
837,10,0,844,1
838,616,0,845,1
839,0,20,8,1
839,0,10,8,1
839,210,0,8,1
839,2,7,446,1
833,613,0,842,1
840,78,0,70,1
841,210,7,8,1
842,617,0,70,1
843,618,21,227,1
843,295,0,364,1
844,619,21,846,1
844,620,21,847,1
845,276,0,7,1
845,276,9,363,1
846,621,17,9,1
840,210,0,63,1
832,612,0,16,1
831,0,0,841,1
830,611,14,768,1
816,602,16,834,1
817,210,0,8,1
818,603,0,835,1
819,276,0,39,1
820,453,0,836,1
820,276,0,304,1
821,0,0,837,1
822,210,0,838,1
823,604,12,147,1
823,604,4,147,1
823,605,0,839,1
824,606,0,233,1
824,607,0,431,1
825,210,7,8,1
825,276,0,123,1
826,608,29,604,1
827,609,0,209,1
827,610,3,4,1
828,2,0,840,1
829,501,0,129,1
829,210,0,8,1
846,196,21,774,1
846,10,21,848,1
847,93,21,743,1
848,120,0,133,1
861,626,2,359,1
862,627,0,855,1
862,276,0,178,1
863,628,18,176,1
863,629,14,170,1
863,630,2,790,1
863,210,0,534,1
864,481,0,627,1
864,276,0,19,1
866,210,0,507,1
866,365,0,8,1
867,10,0,804,1
867,10,29,44,1
868,0,17,35,1
868,10,8,48,1
869,631,0,79,1
870,632,0,66,1
871,295,0,767,1
872,210,0,39,1
873,276,0,321,1
874,2,5,16,1
860,10,6,171,1
815,10,9,1,1
860,120,0,854,1
859,2,0,272,1
849,586,8,251,1
850,622,14,849,1
850,10,18,850,1
850,275,0,785,1
851,210,24,65,1
852,623,0,49,1
852,10,10,774,1
853,378,0,133,1
854,624,6,14,1
854,624,7,14,1
854,624,2,14,1
854,624,16,14,1
854,624,1,14,1
855,625,13,23,1
855,210,7,851,1
855,210,0,8,1
855,276,0,852,1
855,276,0,363,1
856,276,0,242,1
857,0,25,35,1
858,276,0,769,1
860,0,0,853,1
814,276,0,180,1
813,2,4,263,1
813,601,3,24,1
781,0,7,816,1
781,10,0,817,1
782,276,0,818,1
782,581,0,442,1
783,582,0,819,1
784,583,0,123,1
784,17,23,479,1
784,2,0,762,1
785,584,20,208,1
785,584,10,208,1
785,585,0,820,1
786,0,0,821,1
786,295,0,364,1
787,0,0,822,1
788,586,0,823,1
788,210,7,824,1
788,210,8,824,1
789,0,0,399,1
790,587,0,534,1
791,588,0,603,1
791,210,13,726,1
781,0,17,816,1
791,210,7,726,1
780,580,7,815,1
779,210,0,8,1
765,10,0,808,1
766,10,0,809,1
766,2,0,176,1
767,573,0,810,1
767,2,0,76,1
768,222,4,272,1
769,210,0,534,1
770,71,0,150,1
771,2,0,16,1
772,0,0,8,1
773,276,17,431,1
774,574,0,811,1
774,575,0,488,1
774,9,7,29,1
775,576,0,812,1
775,577,0,813,1
776,138,0,23,1
777,578,11,814,1
777,578,2,814,1
778,579,0,209,1
779,5,0,233,1
780,580,24,815,1
874,2,3,16,1
792,120,0,428,1
792,276,9,825,1
804,0,17,674,1
804,0,29,674,1
804,0,2,674,1
804,596,4,11,1
804,210,0,726,1
805,597,13,831,1
806,598,0,35,1
806,210,7,726,1
806,210,24,8,1
806,210,7,8,1
807,378,7,832,1
808,11,0,520,1
809,599,8,833,1
810,10,0,764,1
811,4,29,35,1
811,4,28,35,1
811,4,2,35,1
811,210,0,39,1
812,453,7,490,1
812,600,0,515,1
813,276,0,23,1
804,0,6,674,1
792,276,11,825,1
803,595,13,334,1
802,2,0,830,1
793,2,0,817,1
794,120,7,363,1
795,81,20,242,1
796,0,0,764,1
796,210,13,8,1
796,210,7,8,1
797,589,0,826,1
797,4,0,827,1
797,590,0,795,1
797,10,0,209,1
797,2,0,16,1
798,591,0,828,1
798,276,0,442,1
798,276,0,8,1
799,544,0,829,1
800,210,7,8,1
800,9,20,442,1
801,592,0,196,1
801,593,0,7,1
801,276,0,39,1
801,10,0,43,1
803,594,0,23,1
874,2,4,16,1
875,9,0,43,1
876,633,0,856,1
952,0,8,227,1
952,2,0,180,1
953,673,0,885,1
954,0,0,224,1
955,0,0,35,1
956,674,14,886,1
956,2,15,887,1
957,120,0,133,1
957,526,0,888,1
957,276,0,363,1
957,10,0,16,1
958,2,4,889,1
959,442,6,890,1
959,442,16,890,1
959,69,0,7,1
960,210,0,579,1
961,10,0,891,1
961,10,0,16,1
961,2,0,16,1
962,10,0,833,1
962,10,0,5,1
951,672,0,180,1
962,2,0,892,1
950,210,0,251,1
949,10,0,23,1
936,10,0,272,1
936,11,0,788,1
937,659,0,881,1
938,660,0,330,1
939,661,25,44,1
940,662,0,10,1
941,453,0,236,1
941,663,6,229,1
941,2,14,18,1
942,210,2,882,1
943,664,0,883,1
944,0,0,35,1
944,665,0,1,1
945,666,8,363,1
946,667,0,48,1
946,120,0,133,1
947,668,0,106,1
948,0,14,884,1
948,0,9,884,1
948,669,0,325,1
949,670,0,133,1
950,671,0,580,1
935,10,8,880,1
963,10,0,7,1
964,2,0,612,1
977,480,7,49,1
977,480,16,49,1
977,2,0,16,1
978,544,0,8,1
978,210,0,8,1
978,2,0,207,1
979,10,0,196,1
980,295,0,897,1
980,10,0,898,1
981,2,0,899,1
982,210,0,900,1
983,681,13,901,1
983,681,8,901,1
984,4,0,902,1
984,453,0,8,1
984,10,9,16,1
984,10,18,16,1
985,69,0,35,1
986,295,0,363,1
986,2,0,272,1
987,210,0,431,1
976,680,0,7,1
964,10,0,431,1
975,210,0,7,1
974,276,24,363,1
965,10,0,242,1
966,675,0,66,1
966,676,0,4,1
966,2,0,18,1
967,184,0,893,1
968,10,0,242,1
968,2,5,16,1
968,2,9,16,1
968,2,18,16,1
968,2,3,16,1
968,2,4,16,1
969,10,0,251,1
969,2,15,765,1
970,276,11,894,1
970,276,9,894,1
971,210,0,895,1
971,677,0,520,1
971,276,6,7,1
972,295,0,364,1
972,678,0,765,1
973,679,0,896,1
974,10,0,363,1
1238,27,0,176,1
934,658,13,879,1
932,2,0,877,1
890,10,0,33,1
891,0,11,864,1
892,641,2,804,1
892,641,1,804,1
892,642,0,865,1
893,643,0,7,1
894,200,0,843,1
895,644,0,76,1
896,93,0,866,1
897,2,0,16,1
898,210,0,8,1
898,645,0,431,1
899,10,0,867,1
899,10,12,838,1
900,276,0,363,1
901,0,0,35,1
902,210,24,76,1
902,210,13,76,1
902,210,7,76,1
902,210,20,76,1
902,2,0,868,1
889,640,0,863,1
903,120,0,76,1
889,10,0,7,1
887,639,0,36,1
876,453,7,520,1
877,634,0,857,1
878,635,0,153,1
878,636,0,778,1
879,0,6,35,1
879,0,1,35,1
879,637,6,858,1
879,328,7,859,1
880,276,20,860,1
881,0,0,860,1
882,10,0,548,1
883,638,6,7,1
883,210,0,790,1
884,276,0,431,1
884,10,16,545,1
885,210,0,861,1
885,2,0,272,1
886,210,0,7,1
886,365,6,862,1
886,365,2,862,1
886,10,0,482,1
888,10,24,12,1
933,10,0,878,1
904,210,0,8,1
905,10,6,8,1
922,120,0,662,1
922,10,0,39,1
923,328,0,5,1
924,210,0,874,1
925,276,0,363,1
925,10,0,841,1
926,276,0,603,1
927,71,0,23,1
927,210,0,534,1
927,642,0,242,1
928,654,26,251,1
928,276,0,286,1
929,0,0,765,1
929,655,0,208,1
929,656,22,35,1
930,2,9,875,1
931,484,0,876,1
931,2,15,144,1
932,657,0,229,1
932,210,0,8,1
932,276,0,548,1
921,653,0,217,1
905,646,0,7,1
920,10,0,224,1
919,210,0,8,1
905,10,7,8,1
906,210,0,95,1
906,210,0,39,1
907,210,0,869,1
908,11,0,363,1
909,647,0,870,1
909,276,0,363,1
910,10,0,8,1
911,0,25,399,1
912,648,8,795,1
913,649,0,39,1
914,650,0,8,1
914,295,0,242,1
914,10,0,35,1
915,295,0,364,1
916,210,0,871,1
917,276,0,58,1
917,10,8,872,1
918,651,0,788,1
918,2,11,207,1
919,652,0,123,1
920,276,0,873,1
1239,0,6,35,1
1239,0,33,35,1
1239,784,0,431,1
1582,10,17,1214,1
1583,603,12,353,1
1583,603,3,353,1
1583,295,17,364,1
1584,295,0,1215,1
1584,10,0,1216,1
1585,944,16,1217,1
1586,945,12,1218,1
1586,946,0,1219,1
1581,943,6,838,1
1587,0,0,1148,1
1588,714,0,1221,1
1589,947,13,171,1
1590,0,17,224,1
1591,120,0,1143,1
1591,295,0,4,1
1592,10,0,1222,1
1593,2,6,1223,1
1594,210,13,1224,1
1595,120,0,1225,1
1588,295,0,1220,1
1581,942,6,1213,1
1580,210,0,534,1
1579,276,17,363,1
1561,935,0,1203,1
1562,120,19,816,1
1563,936,10,242,1
1564,295,0,334,1
1565,937,0,1204,1
1566,723,13,804,1
1567,908,12,1205,1
1568,220,13,1206,1
1569,276,0,1207,1
1570,295,0,1208,1
1570,10,0,39,1
1571,714,0,804,1
1572,120,8,1209,1
1573,938,13,1210,1
1574,939,0,1211,1
1575,120,0,18,1
1576,940,6,1212,1
1576,10,22,1042,1
1577,295,0,962,1
1578,120,8,209,1
1579,941,0,206,1
1595,947,13,1226,1
1596,295,0,703,1
1597,948,6,1227,1
1598,949,8,1228,1
1611,959,17,534,1
1612,714,0,1029,1
1613,675,6,968,1
1613,656,13,1240,1
1614,365,13,862,1
1614,2,0,18,1
1615,960,8,209,1
1615,2,0,5,1
1616,11,0,548,1
1617,276,0,1241,1
1617,753,22,1061,1
1618,295,0,860,1
1619,961,0,1215,1
1620,962,0,1240,1
1621,210,0,534,1
1622,276,0,363,1
1623,0,30,768,1
1623,295,7,1242,1
1623,10,8,1243,1
1624,963,22,1244,1
1625,964,13,1245,1
1611,959,6,534,1
1560,934,0,228,1
1610,958,0,1150,1
1609,956,17,1239,1
1599,295,2,364,1
1599,295,18,364,1
1600,112,6,1229,1
1600,112,5,1229,1
1600,112,12,1229,1
1600,112,3,1229,1
1600,112,4,1229,1
1600,112,10,1229,1
1601,950,13,1230,1
1601,295,0,1231,1
1601,2,3,23,1
1601,2,4,23,1
1602,951,8,1232,1
1603,10,0,1233,1
1604,2,12,58,1
1605,952,16,1234,1
1605,953,0,1235,1
1606,954,0,580,1
1607,955,6,1236,1
1608,120,2,1237,1
1608,833,13,1238,1
1609,957,0,228,1
1559,933,3,4,1
1558,0,0,1202,1
1557,10,8,1201,1
1506,910,0,1157,1
1506,295,0,1158,1
1507,714,0,1159,1
1508,911,2,703,1
1509,120,13,1160,1
1509,295,16,1161,1
1510,900,0,230,1
1511,2,6,1162,1
1512,912,28,1163,1
1512,912,11,1163,1
1512,912,12,1163,1
1513,2,13,1164,1
1514,295,0,1165,1
1515,913,4,1166,1
1516,10,0,1167,1
1517,2,12,1029,1
1517,2,4,1029,1
1518,2,0,153,1
1519,914,13,251,1
1520,915,0,1168,1
1521,10,0,1169,1
1505,909,0,23,1
1522,0,0,1170,1
1505,908,2,1156,1
1504,120,0,1155,1
1489,276,17,1146,1
1489,901,20,1147,1
1490,0,0,1148,1
1491,120,0,1149,1
1491,714,0,1029,1
1492,645,0,334,1
1493,902,0,1150,1
1493,903,13,442,1
1493,4,0,903,1
1494,295,0,1151,1
1495,904,0,209,1
1496,905,6,1152,1
1496,905,16,1152,1
1497,276,6,363,1
1498,295,0,364,1
1499,906,30,768,1
1500,295,0,23,1
1501,10,0,242,1
1501,2,0,1153,1
1502,295,6,364,1
1503,295,14,1154,1
1505,907,6,7,1
1625,964,7,1245,1
1523,916,0,1171,1
1524,714,0,1172,1
1543,120,0,1189,1
1544,0,0,1190,1
1545,755,6,745,1
1545,755,2,745,1
1545,755,16,745,1
1545,927,0,1191,1
1546,714,12,1192,1
1547,925,12,1186,1
1547,295,0,1193,1
1548,928,24,1194,1
1549,295,0,1082,1
1550,929,0,1195,1
1551,276,13,883,1
1551,930,0,1196,1
1552,210,0,1197,1
1552,931,0,1198,1
1553,295,0,1199,1
1554,0,30,35,1
1555,932,13,171,1
1555,295,6,1200,1
1556,10,0,844,1
1542,926,6,1188,1
1523,10,17,251,1
1541,925,2,1187,1
1539,714,12,58,1
1525,917,13,23,1
1526,2,0,1173,1
1527,918,17,1174,1
1528,276,0,1175,1
1529,919,16,334,1
1529,27,4,914,1
1530,120,0,364,1
1530,889,0,1176,1
1531,295,0,1177,1
1531,295,0,1178,1
1532,723,0,944,1
1533,920,0,1179,1
1534,918,17,1180,1
1534,918,3,1180,1
1535,921,0,1181,1
1536,10,0,1182,1
1536,2,0,1118,1
1536,678,0,1183,1
1537,922,0,1184,1
1538,120,0,928,1
1538,923,0,1185,1
1540,924,2,1186,1
1626,965,0,171,1
1627,966,13,1246,1
1628,295,9,933,1
1704,1005,6,1303,1
1705,1006,6,87,1
1705,295,7,8,1
1706,263,7,334,1
1706,276,7,1304,1
1706,295,0,1202,1
1707,295,0,7,1
1707,11,16,1305,1
1708,120,17,8,1
1709,1007,6,1306,1
1709,1007,4,1306,1
1709,2,4,1034,1
1710,1008,16,1307,1
1711,295,3,1308,1
1712,295,2,364,1
1712,295,8,364,1
1713,1009,3,1309,1
1714,276,0,1310,1
1715,120,16,1311,1
1716,295,8,608,1
1716,2,7,16,1
1703,276,0,23,1
1716,2,4,16,1
1703,1004,21,364,1
1701,10,6,209,1
1687,994,3,487,1
1688,276,8,363,1
1689,723,7,8,1
1689,295,20,520,1
1690,995,2,1293,1
1691,714,0,1294,1
1692,276,0,548,1
1693,996,0,14,1
1693,10,0,1295,1
1694,997,6,1296,1
1695,998,0,1061,1
1695,714,0,1240,1
1696,120,6,1297,1
1696,120,11,1297,1
1696,120,8,1297,1
1697,999,6,1298,1
1698,1000,6,1299,1
1699,1001,0,1300,1
1699,295,13,364,1
1700,1002,22,1301,1
1701,1003,8,1302,1
1702,295,24,33,1
1687,994,12,487,1
1717,2,3,495,1
1718,2,0,1313,1
1732,1016,3,1323,1
1732,1016,4,1323,1
1733,1017,6,856,1
1734,295,7,941,1
1734,10,0,1324,1
1735,1018,0,1325,1
1736,2,15,1326,1
1737,1019,13,1327,1
1738,328,8,363,1
1738,276,8,209,1
1739,761,9,193,1
1740,1020,16,758,1
1741,1021,2,1328,1
1741,1021,16,1328,1
1742,120,7,1329,1
1742,1022,7,758,1
1742,1022,20,758,1
1743,10,8,1330,1
1744,1023,0,1068,1
1745,295,6,1068,1
1745,295,13,1068,1
1732,1016,25,1323,1
1718,714,3,1312,1
1731,896,6,206,1
1730,2,18,1322,1
1719,210,20,1314,1
1719,210,2,1314,1
1719,210,16,1314,1
1720,0,6,1315,1
1721,1010,20,1215,1
1722,1011,2,394,1
1722,1011,8,394,1
1723,927,13,1316,1
1723,927,5,1316,1
1723,927,20,1316,1
1723,927,10,1316,1
1724,1012,3,1317,1
1724,1013,7,487,1
1724,1013,16,487,1
1725,295,11,1318,1
1726,1014,6,1023,1
1727,210,17,1319,1
1727,210,7,1319,1
1728,2,6,1320,1
1728,2,12,1320,1
1729,1015,6,1321,1
1730,2,4,1322,1
1488,337,13,1145,1
1687,723,0,1292,1
1686,295,7,1215,1
1645,973,17,1259,1
1646,974,0,1260,1
1646,975,0,1261,1
1647,276,17,1262,1
1648,210,15,224,1
1648,210,17,224,1
1648,210,7,224,1
1648,812,20,12,1
1648,295,32,1263,1
1649,0,14,170,1
1649,976,0,1264,1
1650,295,0,1265,1
1651,10,14,1266,1
1652,977,0,1267,1
1652,978,6,1268,1
1653,979,8,1164,1
1654,120,0,1269,1
1655,980,0,1270,1
1655,11,8,209,1
1656,10,0,1271,1
1657,210,0,1272,1
1645,0,0,1258,1
1658,981,4,1273,1
1644,2,0,16,1
1643,972,0,1256,1
1629,276,8,76,1
1630,2,4,16,1
1631,947,0,171,1
1632,967,0,1247,1
1633,968,0,176,1
1634,969,17,272,1
1635,210,13,1248,1
1635,210,7,1248,1
1636,970,15,914,1
1637,276,0,363,1
1638,120,0,171,1
1638,10,0,1249,1
1639,2,11,16,1
1640,4,0,1250,1
1640,295,0,1251,1
1641,120,8,1252,1
1642,210,0,1253,1
1642,295,13,1254,1
1642,295,20,1254,1
1643,971,1,1255,1
1643,971,3,1255,1
1643,276,0,1257,1
1687,993,32,1291,1
1659,982,0,39,1
1660,210,0,1215,1
1673,989,0,135,1
1674,295,6,230,1
1675,723,0,1286,1
1676,990,7,217,1
1676,991,0,1287,1
1677,295,0,39,1
1678,10,0,1288,1
1679,210,0,534,1
1680,10,0,1164,1
1680,701,14,1,1
1680,701,18,1,1
1681,685,6,35,1
1681,120,6,1289,1
1682,295,7,1271,1
1682,295,8,364,1
1683,2,8,1290,1
1684,276,20,804,1
1684,10,22,1042,1
1685,992,16,33,1
1685,723,6,962,1
1686,386,11,508,1
1672,295,6,39,1
1659,2,4,589,1
1672,295,13,914,1
1671,10,0,1285,1
1660,983,17,14,1
1661,984,0,39,1
1662,11,0,209,1
1663,295,0,23,1
1663,295,11,1274,1
1664,0,0,1275,1
1665,0,0,1276,1
1665,0,17,1089,1
1665,985,31,1277,1
1665,295,16,8,1
1665,11,8,1278,1
1666,986,3,353,1
1666,295,0,1279,1
1667,885,22,1042,1
1668,987,13,1280,1
1668,987,7,1280,1
1668,987,20,1280,1
1669,210,11,1281,1
1669,10,0,1282,1
1670,10,0,1283,1
1671,988,16,1284,1
1672,295,15,914,1
765,572,0,123,1
1487,900,0,1144,1
1485,444,0,153,1
1319,817,0,33,1
1319,287,0,363,1
1320,527,0,39,1
1320,2,0,43,1
1321,10,6,7,1
1322,276,0,1020,1
1323,818,22,162,1
1324,819,30,768,1
1324,295,0,1021,1
1318,41,6,903,1
1325,753,22,955,1
1325,714,3,58,1
1326,0,8,35,1
1326,276,19,363,1
1326,276,31,363,1
1327,0,0,955,1
1327,18,0,1022,1
1328,820,13,1023,1
1328,10,22,162,1
1329,821,17,1024,1
1325,295,0,289,1
1318,10,0,171,1
1317,10,0,777,1
1316,816,0,1019,1
1303,812,0,65,1
1304,813,2,251,1
1304,11,8,1015,1
1305,138,0,23,1
1306,0,0,1016,1
1306,10,7,1017,1
1306,10,11,1017,1
1307,814,6,33,1
1307,814,32,33,1
1307,814,9,33,1
1307,814,8,33,1
1307,78,13,70,1
1308,753,0,9,1
1309,815,0,1018,1
1310,2,15,8,1
1311,295,0,364,1
1311,2,0,353,1
1312,10,0,35,1
1313,276,0,16,1
1314,648,8,325,1
1315,0,0,839,1
1330,822,0,43,1
1331,656,0,1025,1
1332,823,17,4,1
1333,824,16,23,1
1352,834,0,1041,1
1353,835,13,171,1
1353,276,0,1042,1
1354,0,13,1043,1
1355,836,0,1044,1
1355,11,8,33,1
1356,837,0,1045,1
1357,10,8,1046,1
1358,654,13,1023,1
1359,723,12,1029,1
1359,838,12,1005,1
1360,120,0,133,1
1361,0,13,1047,1
1361,839,3,1048,1
1362,840,8,209,1
1362,714,0,1029,1
1363,554,8,1049,1
1363,0,0,1050,1
1364,841,32,1051,1
1364,841,9,1051,1
1365,842,8,434,1
1351,0,0,1008,1
1302,0,0,35,1
1350,833,11,1040,1
1349,832,8,1038,1
1334,825,13,1026,1
1335,0,0,1017,1
1335,10,0,16,1
1336,210,0,14,1
1337,0,6,1027,1
1337,826,15,1028,1
1337,714,12,1029,1
1338,827,0,1030,1
1339,93,8,1031,1
1340,828,8,33,1
1340,829,0,548,1
1340,266,6,166,1
1341,0,17,1032,1
1341,143,13,1033,1
1342,830,6,1034,1
1343,714,0,1035,1
1344,831,0,534,1
1345,276,3,1036,1
1346,210,0,1037,1
1347,378,0,33,1
1348,31,0,607,1
1349,714,0,1039,1
1301,295,0,23,1
1301,0,7,8,1
1300,811,0,7,1
1256,276,8,364,1
1256,276,3,364,1
1257,210,7,8,1
1257,69,0,963,1
1257,295,0,48,1
1258,714,0,58,1
1259,295,0,998,1
1260,0,0,999,1
1260,790,0,988,1
1261,2,0,272,1
1261,2,0,18,1
1262,295,0,4,1
1263,791,6,16,1
1264,792,0,363,1
1264,295,0,364,1
1265,723,0,1000,1
1265,276,17,1001,1
1266,10,22,35,1
1267,793,4,1002,1
1268,794,0,1003,1
1268,714,0,272,1
1256,276,9,364,1
1269,795,0,22,1
1256,276,6,364,1
1255,789,12,996,1
1240,785,8,991,1
1241,0,0,992,1
1242,10,0,242,1
1243,10,13,44,1
1243,714,26,774,1
1244,695,13,993,1
1244,695,7,993,1
1245,276,0,363,1
1245,10,0,363,1
1246,786,8,929,1
1247,787,32,994,1
1247,787,9,994,1
1248,788,8,895,1
1249,2,0,16,1
1250,210,0,995,1
1251,17,0,272,1
1252,728,25,399,1
1253,210,0,8,1
1254,10,11,16,1
1254,10,12,16,1
1254,714,12,272,1
1256,731,0,997,1
1365,2,8,1052,1
1270,796,13,35,1
1271,798,0,171,1
1287,276,0,1013,1
1288,807,6,926,1
1289,210,15,35,1
1289,210,6,35,1
1290,2,0,1008,1
1291,808,0,43,1
1291,603,0,58,1
1292,809,0,364,1
1293,0,0,35,1
1293,10,32,1014,1
1293,10,8,1014,1
1294,276,0,364,1
1295,0,0,35,1
1295,810,1,7,1
1296,27,0,16,1
1297,0,0,123,1
1298,714,0,5,1
1298,17,0,123,1
1299,210,0,123,1
1300,276,0,548,1
1300,276,8,363,1
1286,2,0,1012,1
1270,797,16,123,1
1286,714,9,1011,1
1286,805,8,193,1
1271,2,6,16,1
1272,295,0,199,1
1272,295,0,1004,1
1273,10,6,1005,1
1273,10,33,1005,1
1274,2,6,1006,1
1275,799,3,33,1
1275,799,4,33,1
1276,2,16,272,1
1277,800,3,9,1
1278,2,0,16,1
1279,801,0,841,1
1279,802,0,14,1
1280,295,0,1007,1
1280,803,8,548,1
1281,276,6,1008,1
1282,295,16,1009,1
1282,10,8,229,1
1283,11,8,209,1
1284,675,0,242,1
1285,804,0,8,1
1286,806,0,1010,1
1366,843,0,217,1
1367,697,0,1053,1
1367,844,0,1054,1
1438,2,3,4,1
1439,496,0,1117,1
1440,883,0,1118,1
1440,2,0,1119,1
1441,276,0,363,1
1442,353,0,1120,1
1442,276,8,178,1
1443,647,6,870,1
1444,27,0,1029,1
1445,2,0,1121,1
1446,0,0,1049,1
1447,2,13,1122,1
1447,2,12,1122,1
1448,0,0,35,1
1449,884,0,325,1
1450,885,22,1042,1
1451,0,0,39,1
1451,2,0,1123,1
1452,120,0,1124,1
1453,886,2,1125,1
1454,276,0,363,1
1438,143,0,147,1
1455,887,3,4,1
1438,876,2,1116,1
1436,10,0,1114,1
1424,875,0,1101,1
1424,876,0,1102,1
1425,276,0,1103,1
1426,877,3,1104,1
1426,878,3,1105,1
1427,879,0,1106,1
1427,2,3,35,1
1428,295,32,1107,1
1428,295,7,1107,1
1428,295,8,1107,1
1429,723,0,1108,1
1429,880,13,1072,1
1430,56,13,1109,1
1430,56,29,1109,1
1430,56,2,1109,1
1431,881,0,1110,1
1432,0,0,1111,1
1432,10,0,209,1
1433,876,0,1023,1
1434,276,0,1112,1
1435,882,7,1113,1
1437,10,0,1115,1
1423,0,16,1100,1
1456,888,0,808,1
1457,524,0,86,1
1474,2,0,431,1
1475,0,6,35,1
1475,0,8,35,1
1476,723,0,180,1
1477,896,0,1139,1
1478,723,0,180,1
1478,2,6,7,1
1479,897,16,825,1
1480,0,6,1080,1
1480,0,4,1080,1
1481,898,22,1042,1
1482,276,0,1140,1
1483,890,0,1141,1
1483,899,6,35,1
1483,899,33,35,1
1483,899,2,35,1
1483,899,26,35,1
1483,10,0,1142,1
1483,714,8,1029,1
1484,10,32,1143,1
1484,2,4,16,1
1473,120,31,8,1
1456,56,13,969,1
1473,850,0,1138,1
1471,295,13,14,1
1458,10,6,209,1
1458,10,8,209,1
1458,10,24,363,1
1459,889,6,1125,1
1459,889,2,1125,1
1460,276,0,1126,1
1461,890,0,43,1
1461,852,12,1125,1
1461,656,13,1127,1
1462,891,0,1128,1
1463,10,0,1129,1
1464,2,0,1130,1
1464,892,4,1131,1
1465,893,3,1132,1
1466,210,17,534,1
1466,11,0,1133,1
1467,675,0,133,1
1468,894,2,1134,1
1468,10,8,1135,1
1469,857,13,14,1
1470,210,24,1136,1
1472,895,3,1137,1
1486,276,0,363,1
1423,0,6,1100,1
1422,874,8,1098,1
1383,855,22,1061,1
1383,855,3,1061,1
1383,2,0,820,1
1384,210,0,1062,1
1384,276,13,745,1
1384,276,7,745,1
1384,10,0,1063,1
1385,10,8,1064,1
1386,856,13,1065,1
1387,857,6,1066,1
1387,276,0,1067,1
1387,295,9,909,1
1387,295,18,909,1
1388,824,17,1068,1
1388,824,2,1068,1
1389,858,3,1069,1
1390,2,12,1070,1
1391,859,0,133,1
1392,860,0,1071,1
1393,78,0,1072,1
1394,861,13,1073,1
1382,854,0,33,1
1394,861,29,1073,1
1381,2,0,1040,1
1381,853,9,1023,1
1368,845,0,431,1
1369,295,0,153,1
1370,10,8,841,1
1371,0,17,1055,1
1371,276,0,969,1
1372,10,20,488,1
1373,846,20,1056,1
1373,846,16,1056,1
1374,276,0,1057,1
1375,847,0,962,1
1376,848,3,1058,1
1376,849,0,363,1
1377,0,8,608,1
1377,0,16,758,1
1378,0,8,33,1
1379,850,0,1059,1
1379,851,0,42,1
1379,276,0,1060,1
1380,852,0,209,1
1381,853,6,1023,1
1381,853,17,1023,1
1381,853,2,1023,1
1422,295,0,1099,1
1395,210,0,1074,1
1397,862,0,42,1
1413,870,0,1090,1
1413,836,0,58,1
1413,276,0,363,1
1414,2,0,1091,1
1415,675,0,833,1
1416,871,0,1092,1
1416,295,6,1093,1
1416,295,32,1093,1
1416,295,7,1093,1
1416,295,8,1093,1
1417,782,2,300,1
1418,120,0,1094,1
1419,872,11,1095,1
1420,295,6,1096,1
1420,295,20,1096,1
1421,2,6,131,1
1422,475,6,1097,1
1422,475,20,1097,1
1422,475,16,1097,1
1422,873,0,48,1
1422,874,21,1098,1
1412,869,13,1089,1
1396,10,8,1075,1
1411,2,4,936,1
1411,2,11,936,1
1398,0,13,334,1
1398,0,20,334,1
1399,10,13,1076,1
1399,10,7,1076,1
1400,714,12,1029,1
1401,863,13,1077,1
1401,2,9,1078,1
1402,210,0,1079,1
1403,864,13,1080,1
1403,10,0,1081,1
1404,865,0,1082,1
1405,2,3,1083,1
1406,675,16,1084,1
1407,866,8,209,1
1408,867,0,1085,1
1408,868,13,1086,1
1408,723,0,1029,1
1409,210,0,1087,1
1410,723,11,1088,1
1410,723,9,1088,1
1411,2,15,936,1
1411,2,12,936,1
1746,1024,7,1331,1
765,0,6,807,1
763,2,0,133,1
207,228,6,8,1
208,229,0,162,1
208,93,8,300,1
209,230,3,301,1
209,10,0,302,1
209,31,0,303,1
210,231,0,304,1
211,0,8,35,1
211,0,1,35,1
207,227,0,76,1
211,0,0,33,1
211,232,2,305,1
211,233,17,306,1
211,233,7,306,1
212,0,0,35,1
212,17,0,211,1
213,138,0,307,1
213,234,0,76,1
213,235,0,29,1
213,10,0,308,1
211,232,7,305,1
206,2,0,299,1
205,226,0,8,1
205,9,0,16,1
196,10,19,289,1
197,222,28,290,1
197,222,7,290,1
197,2,0,83,1
198,223,0,291,1
199,9,0,8,1
199,9,0,292,1
199,10,21,293,1
199,10,8,293,1
199,93,21,7,1
199,17,0,58,1
200,224,0,294,1
201,0,0,7,1
202,30,21,29,1
202,10,0,295,1
203,2,0,33,1
204,0,8,35,1
204,0,0,296,1
204,225,0,297,1
205,138,18,35,1
205,0,8,298,1
214,138,0,309,1
214,0,0,310,1
214,10,20,311,1
214,2,0,312,1
227,246,4,31,1
227,10,0,320,1
228,247,0,7,1
228,120,9,321,1
229,248,0,16,1
229,2,0,16,1
230,2,0,322,1
230,31,0,23,1
231,249,14,170,1
231,2,0,323,1
232,0,21,227,1
232,200,0,324,1
232,2,0,325,1
233,250,0,326,1
233,17,0,327,1
234,251,0,23,1
234,2,9,328,1
235,2,5,329,1
236,0,0,330,1
237,252,0,331,1
237,2,0,332,1
227,246,6,31,1
196,221,0,288,1
226,245,9,133,1
226,244,3,319,1
215,236,15,313,1
216,237,2,314,1
217,210,1,236,1
218,2,0,16,1
219,238,13,315,1
219,238,2,315,1
220,239,0,8,1
221,240,0,18,1
221,17,13,316,1
222,241,0,35,1
222,31,0,285,1
223,0,0,35,1
223,0,6,7,1
223,0,16,7,1
224,242,0,317,1
224,17,0,318,1
225,0,0,8,1
225,243,0,35,1
226,244,13,319,1
226,244,29,319,1
226,244,12,319,1
226,244,4,319,1
196,220,0,287,1
196,0,0,7,1
196,0,18,35,1
161,193,18,35,1
161,10,0,255,1
161,17,0,211,1
162,194,11,33,1
162,194,12,33,1
163,17,0,256,1
163,2,14,18,1
164,92,2,8,1
164,2,24,16,1
164,195,0,126,1
165,196,0,257,1
166,0,0,258,1
166,17,0,259,1
167,197,0,260,1
168,198,0,261,1
168,2,0,76,1
169,0,0,262,1
170,199,0,76,1
170,2,0,263,1
171,0,0,264,1
171,200,0,265,1
161,193,21,35,1
171,201,6,266,1
160,192,0,18,1
159,191,4,253,1
154,9,20,242,1
154,17,0,243,1
155,184,0,244,1
155,17,0,29,1
155,2,0,245,1
156,0,0,246,1
156,185,6,7,1
156,185,2,7,1
156,186,11,23,1
156,186,12,23,1
156,17,0,211,1
156,2,0,247,1
157,10,21,248,1
157,93,0,249,1
157,187,0,250,1
158,188,0,84,1
158,10,0,18,1
158,189,26,251,1
159,0,0,35,1
159,190,0,252,1
159,9,24,29,1
159,2,13,254,1
238,253,13,333,1
171,201,17,266,1
171,201,16,266,1
185,17,0,280,1
185,2,12,83,1
185,31,11,33,1
185,31,12,33,1
186,31,0,180,1
187,212,0,281,1
187,10,0,282,1
188,213,0,242,1
188,214,0,23,1
189,215,0,208,1
190,216,0,283,1
191,0,21,35,1
192,217,0,8,1
193,218,2,7,1
193,2,0,4,1
194,2,25,284,1
194,2,14,284,1
194,31,0,285,1
195,68,20,148,1
195,219,13,286,1
195,219,2,286,1
185,211,14,279,1
171,201,20,266,1
185,0,0,35,1
184,0,0,35,1
172,17,0,267,1
173,202,0,268,1
173,203,0,269,1
173,2,3,270,1
174,204,0,271,1
175,17,0,208,1
176,138,6,227,1
176,138,9,227,1
176,138,8,227,1
176,205,0,272,1
177,206,0,211,1
178,207,27,229,1
178,207,11,229,1
178,207,12,229,1
179,2,0,273,1
180,4,0,274,1
181,17,14,275,1
182,208,0,4,1
182,31,0,16,1
183,209,6,276,1
183,2,0,277,1
184,210,24,278,1
154,18,0,241,1
238,254,0,334,1
239,4,5,335,1
302,299,2,386,1
302,300,0,387,1
302,301,0,242,1
303,302,0,16,1
304,303,0,349,1
305,304,0,18,1
306,305,0,388,1
306,306,0,107,1
307,307,8,389,1
301,298,12,385,1
307,308,0,390,1
308,10,0,129,1
309,138,0,391,1
309,33,18,392,1
309,33,10,392,1
309,2,0,393,1
310,2,9,394,1
310,2,2,394,1
310,2,3,394,1
310,2,0,395,1
307,31,0,16,1
300,297,0,384,1
299,2,11,383,1
299,2,13,383,1
290,289,6,375,1
290,289,7,375,1
290,289,1,375,1
290,17,0,7,1
291,290,0,211,1
291,291,0,376,1
291,2,4,18,1
292,2,0,377,1
293,2,0,378,1
294,292,12,379,1
294,292,10,379,1
294,51,0,8,1
294,293,0,380,1
294,17,0,381,1
295,138,0,23,1
295,294,5,272,1
295,294,4,272,1
295,295,14,170,1
296,296,2,382,1
297,10,0,35,1
298,17,0,211,1
311,2,0,396,1
311,309,0,397,1
312,310,13,398,1
313,0,20,35,1
325,295,0,408,1
326,320,12,409,1
326,320,4,409,1
326,147,0,410,1
327,321,6,411,1
328,0,1,412,1
329,0,7,8,1
330,322,0,413,1
331,323,0,414,1
332,2,0,16,1
332,2,3,415,1
332,2,4,415,1
333,324,15,8,1
333,2,0,416,1
334,10,0,417,1
335,325,15,418,1
335,325,11,418,1
335,325,4,418,1
335,31,0,23,1
336,326,0,419,1
764,31,0,23,1
324,2,0,407,1
288,17,0,4,1
323,2,12,83,1
323,318,8,191,1
314,311,0,211,1
314,2,25,399,1
315,312,0,225,1
315,313,0,400,1
315,9,0,211,1
315,2,5,401,1
315,2,9,401,1
315,2,3,401,1
315,2,4,401,1
316,31,0,402,1
317,10,0,403,1
317,2,24,76,1
318,314,0,7,1
319,0,0,35,1
319,315,0,404,1
319,316,0,4,1
319,317,0,18,1
320,11,8,405,1
321,2,0,406,1
322,10,0,16,1
323,318,23,191,1
323,319,0,382,1
288,288,0,374,1
287,0,16,373,1
287,0,7,373,1
250,0,0,35,1
251,264,0,1,1
251,265,0,347,1
251,238,2,7,1
252,0,0,35,1
252,266,0,348,1
253,120,0,133,1
253,31,0,349,1
254,10,0,293,1
255,0,0,35,1
255,93,0,350,1
256,0,0,328,1
256,267,0,227,1
257,268,0,8,1
257,2,9,16,1
258,0,0,35,1
258,269,0,351,1
259,0,8,35,1
259,0,8,7,1
260,0,0,352,1
260,270,0,353,1
249,9,0,229,1
260,10,0,209,1
248,2,4,346,1
248,2,2,346,1
240,256,6,35,1
240,256,7,35,1
241,2,11,336,1
242,17,2,35,1
243,257,0,153,1
243,258,13,337,1
243,2,0,338,1
243,259,9,339,1
244,260,19,340,1
244,260,9,340,1
245,261,6,341,1
245,261,17,341,1
245,2,0,342,1
246,262,2,343,1
247,0,0,35,1
248,9,13,344,1
248,9,25,344,1
248,9,20,344,1
248,263,2,345,1
248,263,12,345,1
248,263,3,345,1
248,2,23,346,1
238,255,0,8,1
261,2,0,354,1
263,10,12,33,1
276,120,11,365,1
276,281,0,23,1
276,276,0,310,1
276,282,16,7,1
277,71,0,23,1
279,0,0,35,1
279,283,0,367,1
279,31,15,23,1
280,2,6,368,1
280,2,13,368,1
281,0,0,33,1
282,284,2,7,1
282,2,0,369,1
282,285,6,43,1
282,285,2,43,1
282,285,1,43,1
283,10,0,370,1
283,286,0,371,1
284,287,0,8,1
285,10,2,372,1
286,0,0,35,1
275,280,0,364,1
262,271,0,355,1
275,0,0,35,1
273,10,9,289,1
264,2,11,356,1
264,2,12,356,1
264,2,4,356,1
265,17,12,272,1
265,17,8,272,1
265,17,26,272,1
266,272,0,211,1
266,17,6,7,1
266,17,1,7,1
267,273,14,76,1
267,274,6,357,1
267,275,0,7,1
267,2,0,358,1
268,2,0,16,1
269,2,0,359,1
270,276,0,360,1
271,277,30,361,1
271,278,0,362,1
271,276,7,363,1
272,0,0,33,1
273,10,11,289,1
274,279,0,16,1
338,276,7,8,1
154,183,0,240,1
152,2,0,16,1
52,53,0,73,1
52,54,3,74,1
53,55,0,75,1
54,0,0,35,1
55,56,0,23,1
55,57,0,35,1
55,58,6,18,1
55,58,4,18,1
55,10,0,7,1
51,52,1,72,1
55,2,0,76,1
56,60,4,77,1
57,61,15,78,1
57,61,2,78,1
57,62,13,43,1
58,63,0,79,1
58,64,0,8,1
58,2,0,80,1
58,2,0,16,1
59,17,0,81,1
56,59,3,58,1
51,52,6,72,1
50,2,0,71,1
50,51,0,7,1
37,42,11,58,1
38,2,15,59,1
39,43,2,60,1
40,18,4,61,1
40,2,0,62,1
41,9,0,63,1
42,0,0,64,1
43,0,13,35,1
44,2,11,65,1
44,2,12,65,1
44,2,4,65,1
45,44,0,66,1
46,45,0,67,1
47,46,0,68,1
47,47,0,39,1
48,48,6,7,1
48,48,2,7,1
48,48,1,7,1
49,49,6,69,1
49,50,0,70,1
50,0,0,8,1
60,65,6,82,1
60,65,2,82,1
61,66,0,83,1
61,67,0,84,1
68,2,0,12,1
69,77,13,35,1
69,78,14,97,1
69,79,6,98,1
69,79,17,98,1
69,10,0,99,1
70,80,18,100,1
70,81,0,101,1
70,82,14,102,1
70,83,0,103,1
70,10,6,104,1
71,84,9,105,1
71,84,2,105,1
71,85,2,106,1
71,9,0,107,1
71,2,0,79,1
71,86,0,108,1
72,87,3,109,1
72,88,3,110,1
72,10,0,111,1
73,89,0,112,1
68,76,6,7,1
36,41,0,57,1
68,75,7,96,1
68,0,17,7,1
62,4,0,85,1
62,68,0,8,1
62,2,0,16,1
63,9,6,86,1
63,69,0,87,1
63,2,0,88,1
63,70,15,89,1
63,70,3,89,1
63,70,4,89,1
64,0,7,90,1
64,0,16,90,1
64,0,0,8,1
64,71,0,7,1
64,10,0,91,1
65,72,13,35,1
66,0,0,92,1
66,0,0,93,1
67,73,6,94,1
67,74,0,7,1
67,17,2,8,1
67,31,0,95,1
68,0,8,7,1
36,40,0,56,1
35,39,0,35,1
35,0,7,55,1
2,2,0,16,1
3,13,5,16,1
3,13,9,16,1
3,13,3,16,1
3,13,4,16,1
3,2,0,17,1
4,14,0,18,1
4,10,0,19,1
4,10,9,20,1
4,10,3,20,1
4,10,4,20,1
4,10,10,20,1
5,10,0,21,1
5,2,0,22,1
5,2,0,23,1
6,15,9,24,1
6,15,2,24,1
6,15,3,24,1
7,9,0,7,1
8,4,6,9,1
8,4,7,9,1
2,2,0,12,1
9,16,0,25,1
2,12,8,15,1
2,10,0,14,1
0,1,1,1,1
1,0,2,2,1
1,0,3,2,1
1,0,4,2,1
1,2,4,3,1
1,2,3,4,1
1,2,4,4,1
1,2,5,5,1
1,2,3,5,1
1,2,4,5,1
1,2,4,6,1
2,3,0,7,1
2,0,0,8,1
2,0,0,9,1
2,4,6,8,1
2,5,0,10,1
2,6,4,11,1
2,7,0,12,1
2,8,2,13,1
2,9,0,8,1
2,10,7,12,1
2,11,8,7,1
74,90,0,113,1
9,2,11,26,1
9,2,4,26,1
24,28,0,42,1
25,29,0,43,1
25,30,0,35,1
26,31,0,23,1
27,17,0,44,1
28,32,15,45,1
28,32,12,45,1
28,32,4,45,1
29,0,8,46,1
29,33,13,43,1
29,33,2,43,1
30,4,13,47,1
30,10,0,48,1
30,34,0,49,1
31,35,0,50,1
32,36,0,51,1
32,10,0,52,1
33,0,0,53,1
33,17,0,4,1
34,37,0,54,1
34,38,0,39,1
23,0,0,35,1
9,2,12,26,1
22,27,4,41,1
21,26,0,23,1
10,0,6,8,1
10,0,7,8,1
10,0,0,27,1
10,10,0,28,1
10,11,0,29,1
10,17,0,30,1
11,18,13,31,1
11,19,6,32,1
11,19,2,32,1
12,20,6,33,1
13,0,6,7,1
13,0,8,7,1
14,21,0,34,1
15,0,13,35,1
15,10,6,36,1
16,22,3,7,1
17,23,0,37,1
18,2,0,38,1
19,24,0,39,1
19,25,14,40,1
20,10,0,10,1
22,27,15,41,1
153,17,9,0,1
75,91,0,114,1
77,0,0,116,1
124,153,0,197,1
125,154,9,198,1
125,154,18,198,1
125,155,8,199,1
125,156,24,8,1
125,10,0,200,1
126,2,0,18,1
127,157,0,16,1
128,0,1,201,1
123,152,0,8,1
129,158,0,202,1
130,10,0,203,1
131,159,0,100,1
132,10,0,204,1
132,2,4,205,1
133,160,0,206,1
133,9,0,35,1
133,2,9,207,1
133,2,2,207,1
133,31,5,208,1
130,71,13,23,1
122,10,0,196,1
122,10,0,4,1
122,0,8,195,1
114,140,0,180,1
114,17,0,181,1
114,2,0,180,1
115,141,14,182,1
115,142,0,183,1
115,143,13,184,1
115,17,0,185,1
115,2,0,18,1
116,2,0,186,1
117,144,0,187,1
117,145,0,188,1
118,146,0,189,1
119,147,0,190,1
119,148,23,191,1
120,0,0,7,1
120,30,16,192,1
121,149,4,193,1
121,150,0,8,1
121,151,2,8,1
121,2,12,194,1
122,0,7,195,1
134,161,0,209,1
135,0,0,35,1
135,162,0,210,1
136,17,0,211,1
145,0,25,224,1
145,0,0,225,1
145,174,14,226,1
145,175,8,227,1
145,33,12,58,1
145,2,0,228,1
145,176,0,229,1
146,30,0,230,1
146,17,0,231,1
147,10,0,232,1
148,177,0,233,1
149,178,11,234,1
149,17,0,235,1
149,17,2,236,1
149,179,7,35,1
150,180,0,237,1
150,2,0,238,1
150,2,0,184,1
151,17,0,239,1
152,181,0,31,1
152,182,0,184,1
145,0,17,224,1
114,139,0,179,1
145,0,0,35,1
144,18,0,16,1
137,163,12,212,1
137,2,3,83,1
138,164,0,213,1
138,165,0,24,1
138,31,3,214,1
139,0,18,35,1
139,0,6,7,1
140,166,0,35,1
140,167,0,215,1
140,168,0,216,1
141,169,0,217,1
141,170,0,8,1
141,171,25,218,1
141,172,6,7,1
141,10,0,8,1
142,0,2,219,1
142,0,1,219,1
142,0,0,220,1
143,0,0,221,1
143,173,0,222,1
143,2,0,16,1
144,10,21,223,1
113,2,0,178,1
112,2,0,16,1
112,10,0,35,1
86,106,0,19,1
86,68,0,133,1
86,107,0,18,1
87,108,13,134,1
88,10,16,135,1
88,109,0,136,1
88,110,0,137,1
89,111,14,84,1
90,112,3,138,1
90,113,0,139,1
90,114,7,76,1
90,114,20,76,1
91,115,15,7,1
91,17,0,140,1
92,116,0,141,1
93,117,0,142,1
93,69,0,143,1
94,118,4,144,1
94,2,3,145,1
95,119,5,121,1
95,119,12,121,1
85,105,0,132,1
95,119,4,121,1
85,0,0,131,1
84,10,1,130,1
78,92,0,117,1
78,93,0,118,1
79,0,0,119,1
80,94,0,120,1
80,95,0,121,1
81,0,0,8,1
81,96,3,122,1
81,97,9,123,1
81,97,16,123,1
82,98,7,124,1
82,99,0,7,1
82,100,0,125,1
82,101,0,126,1
83,102,0,127,1
84,103,0,128,1
84,9,6,8,1
84,9,3,8,1
84,104,19,129,1
84,10,6,130,1
84,10,7,130,1
84,10,16,130,1
85,0,0,35,1
76,0,0,115,1
95,19,2,12,1
96,0,7,35,1
105,17,0,167,1
105,2,0,168,1
106,130,0,169,1
106,2,15,170,1
106,2,14,170,1
106,2,9,170,1
106,2,0,16,1
107,0,0,171,1
107,131,0,172,1
107,132,7,8,1
107,133,0,173,1
107,2,4,174,1
108,134,0,49,1
108,10,0,175,1
109,135,0,7,1
109,10,0,176,1
110,136,0,177,1
111,137,0,29,1
112,138,11,33,1
112,138,12,33,1
112,0,0,7,1
104,2,0,59,1
95,2,0,146,1
104,2,0,166,1
104,129,0,164,1
96,2,3,147,1
97,120,9,148,1
97,121,0,7,1
97,2,6,149,1
98,0,0,150,1
98,122,0,151,1
98,123,0,152,1
99,10,0,12,1
99,17,12,153,1
99,124,4,18,1
100,2,0,154,1
100,2,12,155,1
101,125,8,156,1
101,30,0,157,1
101,2,0,158,1
101,126,0,159,1
102,2,0,33,1
103,0,20,160,1
103,127,21,161,1
103,128,22,162,1
103,10,0,163,1
104,17,0,165,1
339,327,0,420,1
337,210,0,230,1
340,328,7,422,1
632,453,0,700,1
632,10,0,76,1
632,2,0,180,1
633,497,0,341,1
633,120,19,701,1
633,120,9,701,1
633,238,6,274,1
634,498,22,35,1
634,498,8,35,1
632,496,0,699,1
634,499,13,702,1
635,501,0,704,1
635,502,0,705,1
635,210,0,706,1
636,503,6,604,1
636,503,8,604,1
636,31,0,707,1
637,504,0,708,1
638,453,0,709,1
639,505,0,7,1
635,500,30,703,1
631,276,0,698,1
630,276,0,363,1
629,30,0,697,1
615,10,7,681,1
615,10,0,682,1
616,491,11,683,1
617,93,8,228,1
618,220,0,684,1
618,2,0,685,1
619,0,0,686,1
620,210,0,687,1
620,276,0,18,1
621,492,0,79,1
622,493,0,688,1
623,210,9,689,1
624,276,7,690,1
625,10,2,691,1
626,143,2,692,1
626,10,0,693,1
627,494,0,23,1
627,406,0,694,1
627,276,6,325,1
628,495,21,695,1
628,210,0,696,1
639,0,0,10,1
640,276,33,710,1
641,506,0,604,1
641,10,19,711,1
654,210,0,722,1
654,518,6,723,1
654,518,2,723,1
655,519,0,724,1
656,520,13,725,1
656,520,33,725,1
656,520,2,725,1
656,365,13,726,1
656,365,7,726,1
657,521,12,727,1
657,521,4,727,1
657,10,7,556,1
658,522,0,728,1
658,10,0,8,1
658,523,0,729,1
659,378,0,520,1
659,276,0,730,1
659,10,6,227,1
659,524,0,7,1
660,0,6,488,1
660,525,0,16,1
653,31,12,721,1
615,10,32,681,1
653,31,17,721,1
652,517,0,720,1
641,10,9,711,1
642,210,0,8,1
643,0,0,8,1
643,10,0,258,1
644,507,13,712,1
645,508,0,713,1
645,453,0,8,1
646,509,7,10,1
646,510,0,714,1
646,276,33,715,1
646,276,9,715,1
647,511,0,716,1
648,512,0,717,1
648,513,0,180,1
649,2,6,48,1
649,2,1,48,1
650,514,15,718,1
650,514,16,718,1
651,515,0,171,1
651,516,30,48,1
652,453,0,719,1
653,31,15,721,1
615,10,6,681,1
615,0,0,680,1
614,295,0,679,1
579,461,6,642,1
579,461,13,642,1
579,470,0,4,1
579,276,0,363,1
579,10,0,643,1
580,471,0,644,1
581,210,0,8,1
581,31,0,23,1
582,210,0,645,1
582,9,0,646,1
583,31,0,647,1
584,0,13,648,1
584,0,30,648,1
584,0,7,648,1
584,0,11,648,1
584,0,2,648,1
584,0,0,649,1
585,472,8,650,1
586,276,0,412,1
587,4,0,651,1
587,210,0,652,1
579,0,0,641,1
588,473,0,653,1
579,0,18,35,1
578,31,11,285,1
567,0,0,35,1
567,460,0,632,1
568,461,13,633,1
568,9,0,634,1
568,2,24,635,1
568,2,4,635,1
569,462,6,8,1
570,5,0,8,1
571,0,0,636,1
571,463,21,637,1
572,464,2,638,1
572,10,0,8,1
573,465,0,399,1
574,466,0,639,1
574,10,13,567,1
575,467,0,39,1
576,10,7,171,1
576,31,0,285,1
577,468,0,640,1
577,210,0,251,1
578,469,0,7,1
578,31,12,285,1
661,526,0,731,1
589,474,0,7,1
589,295,9,654,1
603,484,0,667,1
603,2,9,272,1
604,0,13,668,1
605,0,0,8,1
605,2,9,669,1
606,10,0,670,1
607,485,0,671,1
608,486,0,672,1
609,487,0,673,1
609,488,0,674,1
609,276,20,208,1
609,276,10,208,1
610,210,13,534,1
611,0,0,675,1
611,440,0,604,1
611,489,0,676,1
612,0,13,677,1
612,490,0,604,1
613,249,0,16,1
613,276,0,678,1
614,210,0,534,1
602,440,13,604,1
589,295,11,654,1
601,2,0,666,1
601,210,7,664,1
590,120,9,133,1
590,276,0,8,1
590,31,11,23,1
590,31,12,23,1
591,475,16,655,1
591,255,0,656,1
591,476,0,657,1
592,477,0,7,1
592,10,0,389,1
593,378,0,658,1
594,2,0,659,1
595,478,0,7,1
595,479,6,8,1
595,2,9,660,1
595,2,18,660,1
596,10,0,661,1
597,480,0,662,1
598,481,0,627,1
599,276,0,10,1
599,31,0,23,1
600,482,15,663,1
601,483,0,665,1
661,2,0,16,1
662,2,4,732,1
663,453,7,8,1
731,2,0,16,1
732,2,0,16,1
732,31,11,23,1
732,31,12,23,1
733,276,0,363,1
733,10,7,787,1
733,10,20,787,1
733,10,8,787,1
734,0,0,35,1
734,559,0,788,1
734,10,0,251,1
734,2,0,18,1
735,138,0,23,1
736,10,0,789,1
737,2,0,16,1
738,453,0,624,1
739,0,7,790,1
739,0,16,790,1
739,210,0,791,1
740,295,0,792,1
741,560,0,22,1
730,276,0,767,1
742,453,0,297,1
730,558,4,786,1
729,276,0,548,1
718,555,13,777,1
718,555,29,777,1
718,210,0,778,1
719,2,0,16,1
720,556,0,76,1
721,10,0,176,1
722,10,0,779,1
723,557,0,780,1
723,210,0,781,1
724,93,0,782,1
724,2,0,783,1
725,138,17,23,1
725,138,2,23,1
726,210,13,8,1
726,210,7,8,1
726,210,11,8,1
727,10,0,769,1
728,9,0,784,1
728,276,0,752,1
728,276,0,363,1
728,275,0,785,1
730,558,3,786,1
717,210,7,776,1
742,2,0,793,1
743,561,3,773,1
755,480,8,798,1
755,564,8,799,1
756,565,2,800,1
756,210,0,801,1
756,365,0,7,1
757,566,6,184,1
757,210,24,76,1
757,210,9,76,1
757,210,0,802,1
758,69,6,35,1
759,567,20,803,1
759,567,10,803,1
759,568,0,171,1
760,276,0,242,1
760,2,0,23,1
761,569,9,75,1
761,570,0,804,1
762,2,12,805,1
763,571,0,70,1
763,10,0,224,1
763,10,0,806,1
754,10,0,778,1
743,561,12,773,1
754,10,10,196,1
754,120,0,43,1
744,444,0,153,1
744,276,0,794,1
745,210,24,8,1
746,562,0,795,1
747,10,7,534,1
747,2,4,272,1
748,31,0,285,1
749,563,13,399,1
749,563,33,399,1
749,563,25,399,1
749,563,29,399,1
749,563,14,399,1
749,563,7,399,1
749,563,20,399,1
750,2,12,16,1
751,0,7,796,1
751,453,0,12,1
751,10,0,797,1
751,2,0,16,1
752,10,0,209,1
753,210,0,176,1
754,210,0,8,1
339,2,0,421,1
717,0,0,304,1
715,210,0,775,1
675,0,0,157,1
675,210,0,746,1
675,93,14,747,1
676,532,0,748,1
676,2,0,129,1
677,2,0,749,1
678,210,21,750,1
679,2,0,751,1
680,276,0,7,1
680,276,0,752,1
681,533,0,707,1
682,534,0,753,1
683,276,0,754,1
684,535,0,755,1
684,210,0,726,1
685,276,0,756,1
685,276,0,752,1
686,536,12,757,1
686,536,3,757,1
686,10,33,758,1
686,10,11,758,1
674,210,1,745,1
686,10,9,758,1
674,210,2,745,1
673,2,0,123,1
663,276,22,363,1
663,10,9,733,1
663,10,2,733,1
664,527,6,8,1
664,527,7,8,1
665,528,0,734,1
665,210,7,735,1
666,2,15,736,1
667,200,0,324,1
667,210,0,8,1
668,529,13,737,1
668,530,0,738,1
668,406,13,218,1
668,440,13,604,1
668,2,0,739,1
669,276,0,242,1
669,31,0,740,1
670,328,0,741,1
671,10,0,742,1
672,93,0,743,1
673,531,0,744,1
674,210,7,745,1
716,554,17,35,1
687,537,3,759,1
688,210,0,8,1
704,0,13,35,1
705,276,0,767,1
706,547,9,133,1
706,10,13,35,1
706,10,33,35,1
707,210,7,768,1
708,210,0,769,1
709,548,0,39,1
710,10,0,8,1
711,549,4,770,1
712,210,0,178,1
712,93,0,771,1
713,0,16,772,1
713,453,0,726,1
713,550,2,773,1
713,551,12,35,1
713,276,0,7,1
714,552,0,567,1
714,10,0,726,1
715,68,10,774,1
715,553,0,587,1
703,10,0,567,1
687,10,0,626,1
703,546,10,144,1
701,10,0,765,1
688,538,0,229,1
688,539,0,431,1
688,276,0,608,1
689,459,0,760,1
690,540,9,761,1
690,541,0,23,1
691,0,0,399,1
691,542,4,762,1
692,543,0,763,1
692,210,0,12,1
693,0,0,399,1
694,276,0,230,1
695,295,0,227,1
696,9,0,242,1
697,544,17,35,1
697,210,0,764,1
697,2,0,272,1
698,210,0,545,1
698,10,13,135,1
699,545,0,218,1
700,210,0,8,1
702,10,0,766,1
565,31,0,630,1
566,459,13,33,1
564,210,0,631,1
403,10,0,482,1
404,10,25,171,1
405,369,0,483,1
405,370,14,8,1
406,371,0,484,1
406,31,3,485,1
407,68,0,486,1
407,372,0,162,1
407,31,0,487,1
403,368,4,18,1
408,373,0,14,1
410,375,3,489,1
410,375,4,489,1
410,48,0,490,1
411,10,25,491,1
411,10,14,491,1
412,376,13,492,1
413,10,22,162,1
414,377,23,18,1
414,377,4,18,1
409,374,0,488,1
402,17,0,76,1
402,354,0,481,1
402,0,0,35,1
392,360,9,289,1
392,360,8,289,1
393,0,0,471,1
393,9,0,35,1
393,361,0,472,1
394,0,0,7,1
395,362,0,473,1
395,363,12,474,1
395,31,0,23,1
396,364,23,475,1
396,2,0,476,1
397,365,0,477,1
398,366,6,478,1
398,31,11,33,1
398,31,12,33,1
399,10,23,479,1
400,292,3,480,1
400,292,4,480,1
401,328,0,8,1
401,17,0,251,1
402,367,13,171,1
414,10,0,493,1
415,182,0,494,1
416,4,3,495,1
417,0,0,35,1
435,2,0,507,1
436,386,0,508,1
436,2,0,509,1
437,0,0,510,1
438,71,0,511,1
438,10,16,123,1
439,2,0,16,1
439,31,0,180,1
440,0,0,8,1
441,387,0,512,1
441,388,25,399,1
442,210,0,35,1
442,389,0,513,1
443,390,17,171,1
443,390,14,171,1
443,276,13,8,1
443,31,0,514,1
444,10,0,515,1
445,2,15,516,1
445,2,4,516,1
446,17,0,517,1
435,93,30,506,1
391,2,0,470,1
434,4,0,505,1
432,385,0,504,1
417,378,13,496,1
417,10,0,497,1
418,379,16,35,1
419,295,0,224,1
419,2,14,498,1
420,9,0,304,1
421,380,0,362,1
422,381,0,8,1
422,382,0,499,1
423,31,0,23,1
424,0,18,328,1
424,10,0,320,1
425,295,0,364,1
426,93,0,500,1
427,383,15,501,1
428,2,0,16,1
429,238,3,502,1
429,10,25,35,1
430,0,25,272,1
431,2,0,180,1
432,384,0,503,1
433,0,0,16,1
390,9,0,469,1
390,359,0,468,1
389,17,0,211,1
353,112,11,272,1
353,112,12,272,1
353,112,3,272,1
353,112,4,272,1
354,337,13,436,1
354,10,0,437,1
355,0,0,35,1
355,338,0,438,1
356,339,0,439,1
357,340,0,43,1
358,0,0,440,1
358,10,0,441,1
358,2,5,180,1
358,2,9,180,1
358,2,4,180,1
359,0,0,35,1
359,341,12,4,1
359,341,3,4,1
359,342,0,35,1
360,2,0,442,1
361,173,6,443,1
352,336,8,435,1
362,343,18,35,1
352,0,0,35,1
351,334,0,242,1
340,329,9,423,1
340,329,18,423,1
340,10,19,424,1
340,10,9,424,1
341,0,8,35,1
341,10,0,425,1
342,0,16,35,1
342,330,13,171,1
343,2,3,426,1
343,2,4,426,1
344,331,6,427,1
345,276,0,428,1
345,31,11,285,1
345,31,12,285,1
346,332,0,8,1
347,10,0,429,1
348,333,0,49,1
349,0,0,430,1
349,17,0,431,1
349,2,0,432,1
350,169,0,433,1
351,335,0,434,1
565,9,0,7,1
363,344,0,251,1
365,346,0,444,1
380,0,0,457,1
380,0,0,458,1
380,210,0,8,1
380,11,0,209,1
381,0,8,35,1
381,0,0,459,1
381,147,0,460,1
382,2,0,16,1
383,351,0,16,1
383,352,0,7,1
383,2,0,461,1
384,10,0,462,1
384,17,0,463,1
385,353,0,464,1
385,4,0,7,1
385,354,0,7,1
386,0,25,218,1
386,355,0,465,1
386,356,13,466,1
387,357,0,467,1
388,358,15,8,1
379,2,0,456,1
364,345,0,7,1
379,10,0,4,1
377,10,0,455,1
365,251,0,445,1
366,0,7,446,1
366,10,3,447,1
366,10,4,447,1
367,2,0,16,1
368,0,0,35,1
369,0,0,448,1
369,347,0,449,1
370,0,0,334,1
370,348,0,450,1
371,143,12,451,1
371,143,4,451,1
371,2,16,452,1
372,120,0,328,1
372,2,4,321,1
373,0,0,8,1
373,10,0,453,1
374,349,6,454,1
375,2,4,16,1
376,350,0,48,1
376,2,0,7,1
378,17,12,211,1
446,391,12,518,1
446,391,11,518,1
446,391,4,518,1
521,2,0,590,1
522,434,0,591,1
522,210,0,592,1
523,435,0,593,1
524,436,3,35,1
525,68,0,594,1
526,2,12,495,1
526,2,0,595,1
527,0,23,33,1
521,10,7,8,1
528,437,25,596,1
528,210,13,597,1
528,210,7,597,1
529,0,0,598,1
530,0,0,599,1
530,2,0,600,1
531,438,6,601,1
531,438,1,601,1
532,439,0,602,1
532,276,0,603,1
528,328,0,8,1
520,433,0,589,1
519,10,0,588,1
519,276,0,587,1
505,0,13,571,1
505,0,7,571,1
506,328,0,572,1
507,426,0,573,1
508,328,0,574,1
509,0,16,252,1
509,427,0,575,1
509,428,0,576,1
510,31,15,23,1
511,429,0,577,1
512,129,0,578,1
512,10,0,579,1
513,276,0,363,1
514,430,6,580,1
515,210,0,581,1
515,10,0,582,1
515,2,0,583,1
515,431,0,84,1
516,0,0,584,1
517,0,0,585,1
518,432,7,586,1
533,30,0,171,1
534,440,13,604,1
535,441,0,605,1
536,10,0,606,1
551,276,0,363,1
552,210,0,8,1
553,0,16,68,1
553,210,0,49,1
553,295,0,622,1
554,452,0,8,1
555,2,0,623,1
556,453,0,8,1
557,210,0,624,1
558,454,0,625,1
558,210,16,534,1
559,455,0,107,1
560,456,0,626,1
561,10,0,627,1
562,210,0,628,1
563,276,0,7,1
563,10,0,35,1
564,0,0,35,1
564,457,0,629,1
564,458,13,630,1
564,458,4,630,1
551,451,0,621,1
446,391,3,518,1
551,450,13,578,1
550,2,0,619,1
537,0,13,604,1
538,442,0,607,1
539,0,0,206,1
539,2,0,608,1
539,2,0,609,1
540,443,0,206,1
541,210,13,8,1
542,444,0,610,1
543,266,8,7,1
544,378,0,611,1
545,445,0,612,1
545,210,0,613,1
545,17,0,614,1
546,10,0,615,1
547,446,0,18,1
547,276,0,616,1
548,210,0,8,1
549,0,0,35,1
549,447,0,617,1
550,448,0,33,1
550,449,0,618,1
550,31,0,620,1
503,10,7,569,1
504,4,0,570,1
502,425,0,568,1
460,401,2,531,1
461,402,7,532,1
461,402,1,532,1
462,2,13,533,1
463,210,0,534,1
464,403,0,535,1
464,404,0,35,1
465,11,8,536,1
465,405,0,8,1
466,406,13,537,1
467,407,0,48,1
467,295,0,538,1
468,10,14,193,1
469,408,0,539,1
470,409,0,324,1
471,0,0,251,1
471,0,0,540,1
472,138,0,541,1
472,0,9,171,1
472,0,2,171,1
472,0,18,171,1
460,401,9,531,1
503,10,6,569,1
459,220,2,8,1
459,220,13,8,1
447,392,0,519,1
447,393,0,520,1
448,2,0,521,1
449,394,0,522,1
450,0,0,35,1
450,395,0,523,1
450,396,6,524,1
450,11,0,525,1
450,2,0,526,1
451,0,18,320,1
452,397,0,527,1
453,398,6,528,1
453,2,13,251,1
453,2,16,251,1
454,10,0,434,1
455,10,31,35,1
456,0,6,35,1
456,323,0,7,1
457,399,0,529,1
457,0,0,35,1
458,400,25,530,1
459,220,7,8,1
474,0,0,35,1
473,2,0,542,1
475,276,0,544,1
490,295,25,556,1
490,10,0,423,1
491,210,0,107,1
492,210,0,557,1
492,135,0,558,1
492,421,2,522,1
492,33,2,559,1
493,422,8,7,1
493,276,0,171,1
474,17,0,543,1
493,423,0,560,1
495,10,0,242,1
496,424,0,562,1
497,10,0,563,1
498,0,0,289,1
499,2,0,564,1
500,295,0,565,1
501,210,0,566,1
501,210,0,567,1
501,276,0,49,1
494,10,7,561,1
489,420,4,555,1
490,295,13,556,1
488,10,0,49,1
476,4,0,67,1
477,410,14,545,1
477,411,0,7,1
477,276,0,546,1
478,30,0,547,1
479,412,0,548,1
480,413,0,549,1
481,414,0,550,1
482,276,0,551,1
483,415,6,163,1
489,420,23,555,1
483,415,9,163,1
483,415,20,163,1
483,415,2,163,1
483,10,21,552,1
484,416,13,178,1
485,417,0,121,1
485,418,0,8,1
486,419,0,553,1
487,0,14,554,1
487,2,0,18,1
1747,10,8,1332,1
278,93,0,366,2
150,2,0,83,2
289,0,0,35,2
167,0,0,35,2
865,31,0,23,3
